Years,1980,1981,1982,1983,1984,1985,1986,1987,1988,1989,1990,1991,1992,1993,1994,1995,1996,1997,1998,1999,2000,2001,2002,2003,2004,2005,2006,2007,2008,2009,2010,2011,2012,2013,2014,2015,2016,2017,2018,2019,2020,2021
Nominal AQI (Air Quality Index) (Items),59.62319023,57.3435824,55.21987576,56.47466607,55.9392627,55.3181331,53.97887151,54.98112793,56.63461782,50.44702139,49.30149307,48.95687684,44.56952206,46.05335307,46.46001741,45.63462093,44.2919774,44.44705046,47.83924551,50.80816206,47.81828824,48.00292747,48.30080935,46.02434275,43.48108454,46.68287253,45.37778032,46.80298856,43.88503204,40.50876043,43.21929731,43.5191033,43.6364236,40.63751897,40.03893573,39.52251952,38.58911579,39.2850885,38.79690925,37.20288,36.8971,39.59905
    BY CBSA,,,,,,,,,,,,,,,,,,,,,,,,,,,,,,,,,,,,,,,,,,
"        Atlanta-Sandy Springs-Roswell, GA (Items)",85.78142077,66.75068493,62.59726027,78.51506849,70.28688525,69.58356164,80.67671233,89.28767123,91.26775956,78.07671233,93.43013699,75.34794521,75.43442623,84.64931507,69.10136986,77.35068493,73.16939891,74.46575342,85.96986301,101.6054795,91.71857923,82.35068493,79.60273973,73.43287671,73.8715847,77.46575342,83.61917808,82.11780822,72.13661202,61.68767123,67.73972603,69.04657534,64.96174863,54.61917808,58.40273973,58.02465753,62.71038251,54.52054795,51.60273973,57.189,46.8552,49.4704
"        Austin-Round Rock, TX (Items)",44.00320513,44.16615385,44.46045198,42.84340659,42.24022346,46.03846154,41.60164835,48.64835165,50.10136986,45.45205479,45.38356164,45.12054795,45.21369863,41.05753425,47.82191781,54.69589041,40.78688525,44.82692308,45.76986301,58.55342466,58.63661202,51.51506849,52.89589041,51.64931507,42.55737705,53.56712329,55.55616438,47.22465753,49.57103825,47.65753425,46.03835616,52.1890411,48.35245902,47.12054795,46.17534247,47.86849315,43.93715847,45.96438356,46.24383562,46.1068,44.7896,45.6385
"        Baltimore-Columbia-Towson, MD (Items)",98.92876712,100.0136986,98.08493151,102.1671233,94.56830601,93.55890411,93.2739726,92.06849315,91.20765027,77.82191781,76.90958904,84.11049724,68.80327869,82.79178082,76.83287671,73.84931507,68.63114754,66.87123288,76.28219178,74.49589041,72.56284153,79.56712329,82.55616438,71.40821918,70.04098361,74.2630137,69.29863014,72.36712329,63.4726776,57.67945205,65.46575342,62.88219178,61.2568306,53.17808219,55.13150685,55.74246575,55.86065574,51.49863014,52.16164384,51.8658,44.1562,50.9441
"        Boston-Cambridge-Newton, MA-NH (Items)",92.92896175,89.86575342,109.3863014,113.2410959,107.1885246,97.80821918,97.77534247,97.26027397,102.6420765,90.97260274,79.84931507,81.73972603,78.75956284,76.26849315,72.30410959,67.53424658,71,71.89315068,71.6739726,72.61917808,64.19125683,68.44931507,73.78356164,67.3890411,63.10382514,65.56438356,59.86027397,64.68767123,58.59289617,49.9890411,52.36712329,53.3890411,51.56557377,51.77808219,50.38082192,49.43835616,50.66666667,52.64109589,48.30958904,44.1726,43.347,45.8279
"        Charlotte-Concord-Gastonia, NC-SC (Items)",99.79508197,95.87123288,88.1890411,90.1260274,80.97814208,76.5369863,83.96986301,79.90958904,81.21038251,63.57260274,72.96164384,66.24657534,59.50546448,69.83013699,62.05205479,64.56164384,65.5136612,70.74246575,74.10410959,83.81643836,78.76229508,76.71232877,76.70798898,68.43561644,66.7431694,72.96712329,72.15342466,77.48767123,66.43169399,54.53150685,63.01917808,62.06849315,56.72404372,46.92328767,50.21917808,51.69589041,50.64480874,49.84109589,48.58791209,54.2822,43.3634,49.0036
"        Chicago-Naperville-Elgin, IL-IN-WI (Items)",129.8005464,114.060274,108.8,116.2821918,127.9918033,128.030137,115.9506849,109.690411,119.5273224,110.1726027,105.9808219,110.6958904,96.14754098,88.55616438,88.45479452,86.68219178,80.87978142,83.66575342,92.47671233,94.53424658,88.88251366,91.57534247,87.60821918,78.36164384,80.95355191,84.54520548,75.68493151,82.89589041,77.53278689,69.23013699,74.38630137,69.48219178,74.36612022,63.38356164,65.20547945,60.83835616,59.96721311,59.22191781,62.58082192,59.0795,61.5683,63.682
"        Cincinnati, OH-KY-IN (Items)",118.2185792,117.6465753,119.4273973,125.0821918,113.7513661,114.4958904,112.6438356,109.0958904,109.8606557,102.8493151,107.7726027,135.709589,92.40163934,96.67123288,92.85205479,76.97534247,85.39344262,84.4739726,84.07671233,90.04931507,85.83333333,86.20821918,90.23561644,82.18630137,84.1147541,80.16712329,67.46575342,75.44109589,62.41530055,58.86027397,75.0630137,69.11506849,71.08196721,63.07945205,62.18630137,56.88493151,56.99180328,54.21369863,55.64657534,59.0055,52.9399,54.5033
"        Dallas-Fort Worth-Arlington, TX (Items)",82.04644809,81.80821918,72.78630137,84.75616438,82.82240437,83.64657534,74.68767123,73.4,79.83060109,69.46027397,65.55890411,64.82739726,61.12295082,56.69041096,70.2109589,78.41917808,74,72.30410959,78.39726027,84.16712329,87.92349727,81.99726027,73.8,76.74794521,69.10928962,81.44383562,74.84931507,65.83561644,66.1010929,63.92876712,59.75890411,70.58356164,67.50819672,65.45479452,58.23013699,59.14520548,54.18032787,56.5890411,58.42465753,57.4877,54.806,57.1598
"        Denver-Aurora-Lakewood, CO (Items)",99.46368715,104.0473538,98.77260274,100.3581267,92.09289617,85.91780822,90.06027397,87.78082192,84.59836066,78.40547945,65.10958904,70.13972603,76.88797814,75.71780822,76.00273973,67.56986301,72.98907104,67.75342466,72.56438356,64.67945205,68.86065574,71.68219178,70.78356164,72.15890411,61.09289617,65.16438356,70.73424658,80.60273973,68.70765027,58.36712329,67.73150685,70.56164384,71.99726776,69.97260274,67.67123288,67.1369863,66.91256831,68.7260274,71.97534247,64.8247,65.4918,72.8445
"        Detroit-Warren-Dearborn, MI (Items)",103.5901639,107.0191781,103.1890411,98.89589041,88.49453552,84.25753425,82.44109589,88.84657534,93.7568306,88.14520548,84.49589041,82.9890411,70.72404372,73.74520548,79.4,78.55068493,80.53551913,78.5260274,82.06575342,85.54520548,80.12021858,82.61917808,79.65205479,78.19834711,72.6420765,78.36712329,69.69315068,67.3260274,58.40163934,53.31232877,58.37534247,57.75890411,65.53825137,55.14794521,59.69315068,58.47671233,57.66120219,58.50958904,59.4630137,57.5973,54.459,52.2533
"        Houston-The Woodlands-Sugar Land, TX (Items)",112.6758242,101.0328767,109.5780822,119.3818681,111.7786885,106.5479452,102.0794521,104.3041096,106.2704918,97.95068493,102.169863,91.37260274,89.50546448,87.98630137,93.14246575,103.5726027,91.12568306,88.64383562,82.18630137,91.81643836,88.13387978,83.25205479,78.56986301,85.70684932,83.52459016,88.2369146,83.25479452,75.31232877,70.64010989,66.22739726,66.44657534,69.52054795,65.68579235,59.58082192,58.15068493,64.09041096,58.35245902,57.8109589,59.00821918,60.2274,57.7077,58.381
"        Las Vegas-Henderson-Paradise, NV (Items)",87.15027322,89.92876712,83.38082192,72.90684932,78.31420765,83.68219178,76.82191781,64.95518207,79.1420765,78.47671233,74.34246575,71.08767123,66.96448087,67.74246575,74.82692308,68.52876712,74.74590164,65.30684932,75.78356164,81.76164384,74.85245902,75.18082192,77.49315068,76.94794521,68.77595628,71.87945205,73.00547945,69.28493151,64.52185792,61.04657534,62.80273973,66.0739726,71.29508197,67.04657534,63.02465753,62.90684932,63.49453552,63.88219178,67.88767123,59.0192,65.2377,65.2864
"        Los Angeles-Long Beach-Anaheim, CA (Items)",174.1830601,174.3068493,161.4054795,158.9013699,166.2896175,163.2246575,167.1589041,156.1616438,166.9480874,155.9945205,138.2383562,137.7178082,139.5163934,127.7780822,127.6219178,119.3506849,107.2240437,98.51506849,92.28219178,96.29589041,104.6229508,107.7616438,108.969863,109.4958904,104.2540984,96.97534247,94.73424658,93.34520548,97.06284153,93.35616438,87.01369863,92.64931507,92.13387978,87.89589041,90.08767123,91.67123288,86.7568306,92.15616438,85.94520548,82.6274,97.8525,75.4231
"        Miami-Fort Lauderdale-West Palm Beach, FL (Items)",78.84699454,79.8109589,70.87945205,69.6739726,61.04371585,57.74794521,55.52876712,53.28493151,54.30054645,51.73972603,46.78082192,42.6,48.07103825,54.3890411,50.15342466,49.18630137,48.59289617,50.22465753,54.01643836,57.00821918,55.68852459,51.48493151,47.30410959,51.93424658,54.62295082,55.56986301,57.67945205,53.52328767,49.53551913,48.86849315,50.39178082,48.63013699,48.39617486,45.53972603,47.22739726,45.74794521,51.15702479,49.91620112,46.53972603,43.3901,45.7131,48.3791
"        Minneapolis-St. Paul-Bloomington, MN-WI (Items)",108.2568306,92.98082192,99.66027397,97.51506849,97.03005464,95.03561644,92.16438356,90.89315068,100.6120219,91.3369863,81.41643836,79.85479452,70.25956284,58.26575342,58.74520548,62.12876712,55.92622951,53.11780822,52.56438356,53.52328767,60.39617486,60.36986301,57.03013699,61.34794521,55.56557377,59.90958904,55.4,56.73424658,53.21038251,53.85205479,53.92876712,50.5260274,51.10928962,48.7890411,49.61917808,50.70136986,48.89617486,51.67123288,52.28767123,48.7863,45.4863,50.7527
"        New York-Newark-Jersey City, NY-NJ-PA (Items)",132.3306011,119.9671233,117.5972603,119.5013699,119.2622951,120.4383562,113.1123288,110.1780822,107.3579235,100.939726,98.59178082,101.7589041,86.32513661,90.09863014,88.21369863,81.50410959,81.61748634,80.15068493,82.8739726,85.37260274,79.39071038,85.11232877,83.84383562,76.63561644,73.04371585,78.06027397,77.36712329,77.03835616,75.32513661,66.71780822,69.45753425,67.74794521,64.33606557,59.74520548,59.66027397,63.03835616,59.81420765,57.86849315,58.94520548,56.8493,52.6995,55.9416
"        Orlando-Kissimmee-Sanford, FL (Items)",44.16066482,58.84657534,47.17808219,44.4109589,46.4726776,40.09589041,43.8739726,48.0739726,47.52459016,49.48767123,48.81369863,42.62739726,46.59289617,47.72328767,44.3369863,48.35616438,44.96721311,48.37808219,54.02465753,56.00273973,59.76229508,54.74794521,51.01369863,50.98356164,52.91803279,54.46575342,56.76712329,52.11506849,47.36885246,46.06849315,49.37534247,49.73150685,43.71038251,41.16986301,42.59726027,41.43835616,44.30601093,45.0739726,41.27945205,42.1288,39.9836,44.544
"        Philadelphia-Camden-Wilmington, PA-NJ-DE-MD (Items)",126.5464481,113.2547945,110.7890411,113.860274,105.0874317,107.4410959,99.33150685,103.3369863,107.0601093,98.16164384,98.43013699,96.04931507,88.31147541,104.8219178,103.3835616,98.52876712,98.19125683,96.13424658,89.33972603,90.11780822,80.79234973,89.5260274,90.16438356,81.46849315,75.20218579,80.95890411,78.28767123,74.69863014,70.84699454,64.23561644,68.87945205,67.10684932,67.47814208,61.46575342,63.62191781,63.65205479,61.82513661,59.4,59.39452055,55.6274,51.5301,52.6379
"        Phoenix-Mesa-Scottsdale, AZ (Items)",116.1448087,136.9178082,111.4191781,112.5205479,124.942623,133.4082192,124.5452055,98.36712329,87.38251366,86.10684932,83.96712329,78.27123288,86.03551913,91.97808219,76.39452055,85.48493151,85.82513661,91.66027397,97.90684932,103.9287671,96.92076503,84.32328767,84.9369863,81.43013699,74.83606557,83.56164384,166.2465753,145.4356164,115.6393443,91.90136986,82.35068493,121.5972603,93.72677596,91.04657534,111.2438356,92.78356164,83.32240437,87.2739726,92.63287671,89.874,138.0492,109.5757
"        Pittsburgh, PA (Items)",134.068306,136.4712329,147.7753425,153.6794521,150.2759563,128.0630137,120.2931507,125.569863,131.6557377,122.8794521,126.7479452,124.4082192,119.6448087,118.1726027,118.2356164,107.3232877,102.8743169,103.9835616,108.290411,106.4958904,97.65846995,98.92054795,101.2136986,93.78356164,89.2431694,93.97808219,85.51232877,86.13972603,83.04371585,76.70410959,77.40821918,71.72876712,71.94535519,61.58356164,62.50136986,63.69041096,62.53005464,64.45753425,60.19726027,60.0137,53.7514,56.2591
"        Portland-Vancouver-Hillsboro, OR-WA (Items)",78.46448087,80.78356164,65.55068493,56.59178082,55.42349727,55.45753425,56.33972603,57.93424658,59.38797814,54.07123288,57.75068493,55.59178082,50.67123288,43.38082192,46.34520548,42.64109589,44.8442623,39.19452055,39.37260274,44.90410959,47.64480874,47.39178082,45.1890411,43.26849315,48.75136612,49.7890411,47.10958904,47.35342466,47.10382514,50.86027397,40.21917808,46.69863014,43.42622951,48.97808219,44.18630137,46.97260274,39.36338798,47.82739726,44.25753425,42.5781,48.3087,41.9176
"        Riverside-San Bernardino-Ontario, CA (Items)",163.9043716,171.4465753,147.7424658,149.3863014,157.7814208,151.9232877,155.5917808,149.5972603,155.3224044,155.9150685,147.0027397,148.0191781,142.4016393,138.4958904,134.3616438,123.3616438,119.2896175,116.3369863,112.5643836,118.1917808,116.6994536,123.1452055,119.830137,118.8547945,112.7185792,109.4986301,106.3013699,115.5753425,111.3032787,106.2739726,104.3506849,107.460274,106.4808743,102.6356164,106.7972603,102.5369863,104.9289617,109.709589,104.830137,98.9562,112.2131,93.6447
"        Sacramento--Roseville--Arden-Arcade, CA (Items)",89.23770492,96.93424658,96.08219178,90.76986301,94.53551913,92.73150685,90.51506849,98.09589041,96.96994536,98.11232877,91.34520548,93.94794521,89.58469945,72.76712329,82.44657534,78.82739726,78.35245902,67.70958904,76.2630137,93.57534247,85.22131148,88.50410959,95.84931507,90.10410959,86.15846995,82.23013699,88.55068493,80.39178082,80.72404372,74.10136986,66.76438356,74.44931507,74.14480874,70.35616438,70.10684932,69.70136986,70.7431694,70.40273973,76.23013699,59.1233,71.6858,75.6471
"        San Antonio-New Braunfels, TX (Items)",54.13186813,47.76454294,50.01944444,55.14794521,52.00819672,45.6456044,50.56438356,49.01923077,46.33333333,45.26997245,42.56593407,41.47252747,38.2431694,37.22252747,42.55890411,53.91506849,39.61157025,44.63561644,52.85205479,55.18406593,52.07650273,51.5369863,58.82465753,53.98630137,48.66120219,56.15616438,57.5260274,50.41643836,53.45901639,51.18082192,49.30958904,53.83835616,52.04644809,52.92054795,51.87671233,51.58356164,46.05464481,47.31767956,46.81643836,51.3425,53.0956,51.348
"        San Diego-Carlsbad, CA (Items)",125.4043716,124.0493151,103.339726,105.0986301,112.9180328,112.4739726,106.5150685,108.8219178,120.7513661,122.0273973,109.7890411,100.1342466,95.94262295,90.08219178,90.30136986,87.92054795,79.57650273,74.79726027,78.38186813,86.79178082,82.34699454,83.36986301,78.89315068,77.59726027,73.80601093,73.24383562,76.61917808,74.85205479,78.17486339,72.96438356,67.13424658,68,69.95081967,71.4109589,67.98082192,67.8109589,71.3852459,73.30958904,69.16986301,66.2192,75.3934,57.2342
"        San Francisco-Oakland-Hayward, CA (Items)",66.50819672,62.88493151,61.12876712,62.55890411,66.09562842,64.72054795,64.0109589,63.57260274,62.67213115,62.95616438,56.43835616,55.75342466,52.3715847,53.4,50.75616438,52.62191781,54.00273224,44.85479452,50.30136986,58.74794521,56.18306011,56.44109589,59.89041096,55.09863014,56.81147541,54.99178082,57.51232877,51.43013699,58.17486339,56.75342466,53.03561644,55.04109589,50.77322404,55.34794521,52.24109589,53.57260274,52.16120219,56.4109589,59,47.8219,54.5137,50.9708
"        Seattle-Tacoma-Bellevue, WA (Items)",97.1284153,115.2630137,113.2520548,104.1205479,96.64480874,77.54520548,74.18630137,81.54520548,77.28688525,68.88493151,68.40547945,65.64657534,66.46994536,57.31780822,55.76986301,54.82191781,53.0273224,50.97534247,51.25205479,57.76712329,62.25956284,59.6109589,59.01643836,62.86575342,60.11202186,58.35890411,57.53150685,54.86849315,50.46174863,59.90958904,45.14794521,50.06849315,49.69945355,54.05205479,51.35068493,54.48219178,46.06010929,56.76438356,52.9260274,48.7233,50.3579,48.8352
"        St. Louis, MO-IL (Items)",135.5273224,121.3260274,115.2191781,134.0054795,130.6967213,121.5753425,130.7726027,128.1369863,136.3797814,134.1561644,120.7753425,121.8219178,115.2131148,110.5315068,118.6191781,120.9808219,118.7978142,105.6876712,106.7589041,113.3780822,97.98360656,96.24931507,98.75890411,88.27945205,86.21584699,100.9808219,99.16164384,90.18082192,87.91803279,80.1890411,82.00547945,77.80547945,83.85245902,66.43835616,59.17534247,59.03835616,55.56557377,56.29315068,58.15342466,57.7507,56.5738,59.0691
"        Tampa-St. Petersburg-Clearwater, FL (Items)",98.07103825,100.9041096,99.30136986,97.5369863,98.99180328,94.74246575,99.20547945,104.2876712,92.05737705,97.10684932,91.36712329,81.50410959,97.73224044,101.2739726,99.73150685,91.15616438,92.62021858,93.67945205,96.66027397,96.2109589,87.19398907,85.54246575,83.0109589,76.70410959,70.96721311,71.98082192,70.40821918,68.05205479,58.60928962,54.19178082,58.21917808,54.74246575,51.83333333,48.40547945,50.20547945,48.83287671,48.41530055,47.93150685,47.37808219,47.2438,45.9754,48.6923
"        Washington-Arlington-Alexandria, DC-VA-MD-WV (Items)",95.81420765,91.21369863,89.71232877,98.38630137,90.45901639,91.45753425,89.96164384,91.96986301,87.71857923,82.88767123,80.77534247,90.18082192,73.76229508,84.87671233,79.21917808,75.73972603,72.30327869,72.91232877,79.72328767,84.10410959,74.13387978,78.62739726,80.43561644,69.29315068,68.09836066,71.9369863,67.95342466,70.05753425,61.36885246,55.93972603,65.13424658,64.08219178,65.07923497,54.32876712,53.89863014,56.80821918,55.31967213,55.05753425,53.20273973,51.9096,44.4891,51.1151
    By State,,,,,,,,,,,,,,,,,,,,,,,,,,,,,,,,,,,,,,,,,,
        Alabama (Items),65.24007634,61.29784792,50.86890915,53.375,46.29931973,43.77328276,53.3277592,56.33628675,52.83152377,40.4212283,45.59478055,39.21941427,39.01502543,44.99482616,41.48858185,44.01946228,41.42593757,40.14195239,45.62660291,57.54185304,56.97578125,48.59338151,47.51074987,47.14804377,46.7974516,48.14710204,50.58759664,53.22599932,46.88391801,41.28908213,48.80831624,45.80982634,43.26735104,37.8973392,39.93664676,40.80467995,41.17531949,39.23667741,38.32101886,39.47375691,36.53524921,38.38946281
        Alaska (Items),45.60441426,44.03507109,45.485172,53.1953867,54.29090909,52.96401985,44.39228598,34.35852911,32.37852113,29.00197889,31.52589641,35.46403461,40.0670194,37.51954976,31.01133333,31.38030194,31.53958493,31.43119266,32.17906336,30.6695279,30.65599343,31.99008264,28.34171598,25.82076176,27.43615495,26.20983125,29.41360544,27.9661476,26.8221957,31.59686147,29.80925131,30.86202186,30.95145228,30.40193492,34.9124487,35.47383863,33.67250876,31.59318637,29.63515313,29.30899556,24.75418502,30.19472617
        Arizona (Items),93.70427163,96.34962519,72.59140741,70.57932213,76.59201837,79.75906555,75.02526316,55.90034513,55.38593005,56.92609351,52.73373409,49.4230221,47.85242385,49.85210961,50.77992868,49.17934313,51.63040841,51.2842957,56.05069124,60.23850377,55.95226395,54.61114911,58.22389593,56.0080825,53.02058414,54.07037226,64.92640906,61.64502695,59.47527473,52.31267806,51.88924758,56.61756238,55.28777143,51.13182423,52.14919268,47.59421842,48.77939932,50.94492877,49.95837735,46.61201608,52.03613177,52.07474519
        Arkansas (Items),41.81818182,36.03952569,25.95124481,26.54298643,28.67902996,31.85119798,31.64114833,35.47976879,36.7556615,30.90880503,33.8083501,35.13748657,31.40606061,35.55015096,35.00438005,38.6868476,34.9614576,35.43804714,40.55325321,46.94018765,49.00754603,45.34009318,43.60488959,42.67747164,40.52150697,48.64180064,44.76356472,43.8780692,40.0473522,37.80201624,42.45521797,41.94385679,42.1443986,38.23350254,36.12283044,35.20893517,35.39179351,39.50727995,38.81057692,38.5255829,36.08273121,40.13030747
        California (Items),68.60692925,65.09558619,61.86892361,61.74537739,66.44261923,66.42992997,67.22419379,67.2114305,67.91143565,64.62692783,61.62568972,61.97688474,60.47532437,57.20745488,61.14880339,59.51971716,61.28005358,54.50731332,57.56369064,63.67936024,61.82846833,63.76751899,65.66473738,64.048916,60.12140541,56.35673345,60.00444854,58.13687636,60.5623952,56.28674438,54.11063234,58.22405572,57.13448806,55.9286937,56.23274194,55.91848265,55.07363933,57.47238065,57.0378191,49.61968211,58.14138056,52.29043448
        Colorado (Items),49.71880544,51.90320683,50.42121729,53.93069891,50.18462402,45.78583081,49.59445949,51.53094463,42.28594712,40.09121061,36.62388646,40.03477472,39.04458687,38.86257389,39.38516746,36.61249359,38.46805803,36.53644586,39.42548171,37.40228077,38.30242251,36.77988712,39.23749676,38.41672001,35.46342402,37.97619048,39.70151307,44.12777437,42.18449095,40.52880877,43.11347115,46.41019178,47.21185692,45.74928806,42.45274071,41.39241211,41.2691974,43.32227084,46.8001237,41.53201542,44.30528278,49.65052866
        Connecticut (Items),89.8888183,76.67156863,79.17084827,84.0532646,71.52879868,67.94299414,62.16684492,63.11182451,67.75025694,59.50302725,55.06932668,55.96864111,45.77082452,48.94761499,51.49602724,47.41576087,42.16356275,46.71494965,47.11998514,53.46347403,48.38687036,55.56283422,58.2736014,51.78173913,47.20263158,51.42778014,47.92948984,49.9924182,45.68895006,39.78149606,43.83885122,43.15798843,47.99682288,48.16150794,44.81336497,45.5116096,44.31000395,41.29430012,41.23236677,41.46212995,40.93140655,42.83502907
        Delaware (Items),53.45857988,35.66917293,47.81071836,75.30490196,67.86139535,72.01769088,64.33199599,69.29805825,75.5625,67.65509989,63.42635659,60.63673058,51.59408867,65.95083799,63.43632337,63.09263393,59.82033898,63.36482085,67.55353075,69.26506024,62.033954,67.49945593,68.51416122,61.95929593,58.25560538,63.91713326,60.30100334,58.18018018,56.27404922,47.31977401,53.69467213,48.4173516,49.73836127,44.87764489,47.20566728,46.36621005,44.99908759,43.83409716,42.4803653,44.20456621,39.6654479,42.16071429
        District of Columbia (Items),79.22677596,76.81917808,72.59726027,75.94794521,70.53296703,73.2122905,72.78296703,72.28219178,57.56932153,57.90985915,63.9890411,67.58082192,59.03551913,68.0109589,68.07142857,64.98901099,58.78688525,60.35616438,63.70410959,71.1890411,,,,,,,,,,,,,,,,,,,,,,
        Florida (Items),44.86093338,47.72174077,44.14460943,41.41512953,47.44592729,42.23149681,42.20333117,45.85413189,45.28055609,46.86476664,47.25370895,43.07590225,44.13691099,46.07448276,42.87120938,42.79752544,40.99103139,41.02663934,45.12994186,46.23637576,48.42237737,43.770114,41.20860333,41.64095745,44.10058933,44.50402653,46.07945827,44.42045455,41.84553749,39.29514908,42.12026035,41.24708745,38.20948418,36.93567556,37.92498566,36.07757023,38.09406865,38.4365669,36.97333907,37.36638119,36.62980325,38.21928721
        Georgia (Items),35.5176,47.82469512,47.83274021,38.07624426,52.85818476,50.22619048,60.52394775,49.72767747,47.67736022,40.76306857,50.21791112,39.9309322,37.83178737,44.25951006,38.91650635,41.44162705,42.8428246,44.43157105,47.50763535,60.42506214,54.41532955,47.27366864,47.8857072,44.21238728,47.57325861,50.30088976,52.66748166,54.27474102,49.92428198,43.91654295,48.36438183,49.18879493,44.88867825,39.97857143,42.10104012,39.02825696,41.16924755,39.04721479,37.61183973,40.50544178,35.54629301,38.60797665
        Hawaii (Items),16.8033241,30.9275766,37.61917808,46.66575342,49.94262295,39.27513228,23.91346154,47.14599483,27.88858322,42.54590571,30.43465909,32.40755873,40.18294849,38.47826087,36.25575221,41.62636274,34.91933916,30.34249084,28.0323741,27.33892321,31.60412926,34.84099265,36.86133333,41.15803336,35.12725632,32.15830116,30.37987243,43.10985915,73.64100186,76.14797794,80.27306617,58.34441088,63.29224377,56.02676733,51.47042053,55.01921757,54.65934066,53.24776939,41.65006916,20.85792725,20.29036729,23.65116279
        Idaho (Items),90.5885989,86.14787701,57.85805991,58.23187311,66.05816135,71.73816156,46.21615385,42.97407407,43.78393352,42.82226212,39.19166106,37.42331288,36.48151002,35.58539853,34.69892473,30.83426966,32.41502754,32.16232877,30.65306122,35.31918951,35.24718563,38.60462428,36.68540564,32.98955447,33.77131583,31.77394921,31.77533194,31.41045033,29.36256684,28.33680793,29.84156831,28.85505639,30.71672819,32.08287014,30.11235648,32.20992622,29.18650794,36.02748505,32.46125052,28.14238365,32.4183844,32.2464332
        Illinois (Items),58.99056217,52.07013254,46.89961299,54.40929966,54.32032806,53.07127834,52.4446609,54.5569347,60.1356594,52.27737491,46.98658683,50.23459292,46.73429173,44.65926026,49.71059696,49.45538689,46.60865266,45.3949241,47.0651575,49.63580322,45.88565685,47.05166724,48.19123641,43.36589478,39.60040296,46.31355648,40.7329932,46.96630459,41.05836315,39.68183851,42.0373393,39.29121761,42.45945636,36.70317442,36.22663222,35.8328105,35.62769867,37.94834943,37.69590894,36.49086708,34.87987435,38.4320281
        Indiana (Items),66.82013135,66.97814319,66.06859003,68.93336097,72.18688996,71.37212644,66.20336693,65.71628097,66.99459831,61.11856027,60.68679564,58.3425028,52.48549151,52.18062189,54.0033543,49.86246101,46.11217661,45.59606239,51.13702043,52.73556536,48.47219636,49.86666667,52.55410207,47.91008613,44.09396135,49.55354511,43.52183697,50.18896685,44.14371257,40.23721216,44.24817456,42.60267389,43.07125541,37.95144324,38.54553415,36.10232704,35.66425811,36.7267136,36.28067439,36.36018637,36.0831665,39.85835819
        Iowa (Items),42.73839971,38.3464157,41.15734913,46.03629764,41.83493856,41.78432068,41.7498452,42.57262975,48.03298266,44.13480535,43.01888412,40.65407387,39.87876904,37.63557289,38.31538462,40.67113494,36.7178755,38.09725994,37.29498889,42.08918725,41.90405117,40.20497297,40.08801611,42.10609756,38.37879088,43.02407261,38.90825879,45.06467259,40.83604022,39.55172414,43.28692449,43.69424394,45.03266055,41.39235485,40.99496403,38.83160158,36.74575969,39.36702021,41.24040754,37.90477223,36.68748649,41.63280643
        Kansas (Items),49.53888889,62.90365854,52.23278689,50.82768924,45.32380952,45.87793427,44.35237258,47.33479021,46.35885167,41.27386541,35.0671043,39.82393876,37.13737796,34.60059391,37.50302115,41.4158912,34.66615067,34.88726724,44.30858618,46.36126171,45.64185111,43.42406767,41.69771924,44.01977622,35.97617902,41.5634959,43.12114428,39.72442536,36.48945642,34.79181124,36.82532348,42.1897514,44.05741751,36.87974508,37.14673279,36.40526316,35.42881894,35.20872446,35.77742022,34.18196588,35.71503304,37.24164811
        Kentucky (Items),66.84946918,58.37336943,58.54431763,65.32419374,58.70399597,55.67972094,54.32208221,62.05306543,64.51310731,53.49929028,52.7313278,50.68444631,44.40733569,48.09375,51.17291096,50.85346617,46.63136787,46.05100201,54.40963729,60.62608429,51.31555295,50.76449447,51.6134851,47.50879607,43.71898385,51.24034641,46.19550173,54.54221214,45.82275486,40.08061697,46.53424512,44.35181496,46.69961634,38.76588853,39.87202347,39.62696862,40.54332048,39.38836944,38.6428071,37.77810922,34.68573703,38.35177033
        Louisiana (Items),39.3670083,48.83307763,42.98484407,41.6702381,41.83719058,47.47757848,47.79603277,54.80250348,51.88942946,42.6089948,46.21794255,39.36801632,40.4817285,43.1679815,42.60473341,48.21808299,42.89411765,46.00716519,45.8378914,52.18573668,53.24800896,46.46817349,42.47608006,46.72948105,44.87209871,51.48142021,51.17697695,47.70811819,45.07940762,43.459375,47.644646,47.84770346,45.33342271,41.30981595,41.20710701,39.92155732,39.54964784,37.37602216,37.15265574,36.74598579,35.11027668,35.15218822
        Maine (Items),65.49681239,53.58247423,48.97572816,52.08762322,53.00558659,50.69495756,47.85033076,47.53606238,49.179772,43.33774298,42.1745182,41.5177305,38.48499336,38.73703226,39.71849798,37.66625341,35.82484407,36.07272727,36.65303204,34.93815636,30.861167,34.95178197,35.08358209,35.68462292,34.66677245,38.37804031,36.91987293,38.05690493,36.12384591,34.65778753,35.3807974,35.70276848,35.35419198,36.14764305,34.86452763,35.53672159,32.80005448,35.4299775,35.29487952,33.67740964,33.83800322,35.35572409
        Maryland (Items),64.12260836,58.46207332,58.06807867,62.29051267,52.51177513,59.54771671,59.1054115,60.3256975,65.25022448,52.0189206,52.69087838,61.71340713,45.94163209,55.49158156,51.81896313,52.5006889,48.17075058,52.6157372,61.28509485,60.79161404,53.34905429,59.39186872,62.90707497,52.22791328,52.22835666,54.56810078,54.62416107,57.4566855,52.03947068,44.70786273,52.74045157,50.46174085,51.03724989,43.81761945,44.25935614,45.37329106,43.97028144,42.02173132,40.20957447,38.94296847,34.38959368,41.65825423
        Massachusetts (Items),62.85299145,57.08081824,69.54443807,71.83551847,68.79273504,66.75175573,63.98025868,62.69348779,70.54864865,60.42298851,55.98276852,58.02396576,54.6410403,53.33754668,53.23112128,47.63651975,48.51460886,49.42147436,50.32023011,51.65990783,46.42410855,52.65443425,51.78644764,47.45345345,45.33287821,48.75747689,45.85159285,48.37444589,45.57139188,41.14665971,42.75146572,43.31867576,42.28157827,41.58540752,39.87845892,38.86413281,38.12396694,39.37571763,38.86652542,38.62324989,37.56511628,40.63203051
        Michigan (Items),46.61321997,45.97951855,42.65072269,42.23504069,40.84467079,39.81342062,40.53061966,42.05394259,43.32413546,43.65034837,41.67589577,48.42692149,36.33365718,37.8566313,42.60399068,43.90887704,43.20752045,42.00999001,49.41674992,51.16520836,42.29860246,47.44708078,48.06283266,45.71530062,42.30894751,50.26710454,43.30033651,48.29859353,44.08378497,40.78385732,42.42236393,42.02200525,47.37484329,38.68805608,40.25822368,39.26935404,38.39106901,37.81540765,37.97558991,36.13843783,35.88483113,40.96728431
        Minnesota (Items),47.68448023,44.67747642,44.4719035,48.69563636,42.75841874,40.70810515,37.85717962,40.58262032,43.22495939,38.61518035,32.68544389,34.8828125,31.83441884,32.69100802,30.88782051,30.95223672,28.22038074,25.86319668,29.13402329,29.68994413,31.51767928,31.5631068,33.45282051,41.15937102,38.45623501,41.44967765,37.21682795,38.6428227,37.29738034,36.46544615,36.13034292,36.02588467,36.3429441,35.99068018,34.36857317,33.91314801,30.51594635,33.61937103,34.37628196,31.09280841,29.95621989,36.72569028
        Mississippi (Items),35.99709133,32.34970414,28.14705882,31.2786229,38.01378254,38.41481481,42.9936407,46.77232447,49.28630442,39.39610175,48.37660525,38.14516563,38.26708584,39.4177276,40.65577827,46.08037525,41.39374654,45.08872902,47.53197591,56.42054929,56.62762629,48.83232281,45.28143451,48.39193149,46.79721754,53.23149294,52.43868739,50.11418592,46.24299584,41.83857104,45.52806056,45.16157895,42.76157205,38.3549007,39.39596879,37.28088506,37.66854813,36.4734404,39.20905616,39.16814683,38.15132559,38.35792079
        Missouri (Items),72.18650266,57.27081277,55.71516604,56.13831615,57.13815789,54.80560177,54.61382565,52.43580653,56.11706599,52.27659574,48.28000962,50.60190931,46.40671011,44.21138211,50.81736939,49.97956656,58.25066941,51.02797658,53.20724438,56.42990849,49.80010699,47.99361078,52.33350794,50.04939119,44.54483378,52.05830806,50.9168117,51.36384122,46.96377331,43.68933793,48.66946688,49.6972067,51.45932865,42.72686613,41.37869639,37.44972523,35.24657734,35.96463447,37.11794042,39.83853533,37.85954136,40.7416543
        Montana (Items),51.76073883,42.23623624,48.33671528,48.54608586,34.72245635,46.76116838,56.51053424,53.35464733,49.44640667,43.13807813,43.47910448,39.82072036,36.80881691,39.27423007,41.19204222,36.34211032,32.93236904,31.45028409,32.88904268,30.9421784,33.64028035,30.18406709,24.8488024,25.46787032,26.63582806,27.9011578,30.02019558,31.72570937,28.8656495,32.54376824,34.99908088,35.82746547,38.31187465,34.69843503,33.97582719,37.2330163,32.97725344,42.71526587,36.48063859,31.59914676,34.55444678,34.68294384
        Nebraska (Items),49.22190202,37.61457109,43.21643836,37.76575342,34.97814208,34.79694519,37.41445183,37.26315789,44.26530612,39.17531306,36.40545295,35.98591549,32.29177057,29.2197615,31.30844646,30.77933942,32.17729393,33.31692573,33.43348624,36.60738007,36.15810733,34.07712215,32.81826877,33.72900158,32.49975037,35.37676228,33.49096099,35.49293717,36.27672956,30.50578292,34.6140199,35.24896093,39.69376026,34.00132802,32.0027088,32.16354937,31.77272727,33.17028004,31.14663677,28.1242657,28.50462606,34.21047479
        Nevada (Items),77.56420765,63.67206478,64.04971751,42.66691786,65.51273885,63.37041972,59.30070831,45.58516129,53.50552147,49.48480663,57.5426009,54.97149644,48.13836018,45.06060606,49.25237829,46.30634202,49.81239531,46.36784351,46.86370023,49.63588621,46.04791667,45.29351814,44.15409702,44.52055956,38.98862775,39.282099,44.4964657,40.04730203,36.99143542,37.20860053,36.52526641,36.86486486,47.39069767,48.09395509,44.60115215,42.45986125,40.31037706,41.28345725,42.2480572,35.95510455,41.30186373,42.63766457
        New Hampshire (Items),71.34824501,61.12099644,64.9078341,54.99429658,63.18572419,66.05829904,62.05547945,58.87156593,63.85968515,57.8857868,50.5337447,46.17337461,44.16397849,43.01189563,42.45670827,39.41108098,39.91790084,38.88106718,41.27358788,42.40142672,36.60792805,42.30057803,43.39271255,43.67132603,42.55046257,44.55669662,41.00299658,43.21703767,40.28565506,41.13819742,44.74020017,43.71864548,39.83991684,39.54704413,39.13150229,39.50250836,37.85970636,37.66036977,34.76544767,33.07221095,33.73776908,38.19051205
        New Jersey (Items),66.55086045,60.92753375,61.23909723,66.64582257,60.84410646,62.98390168,57.8934336,59.83557747,60.86803896,55.19687787,53.8215814,58.00932358,47.48382994,52.75624774,51.71624549,49.71727842,48.5525558,49.74267745,50.63232218,51.27846754,46.6869338,51.38600491,53.45457698,47.05089505,43.95925149,47.4754441,47.34616743,48.22451099,46.31501706,40.44634606,47.09188801,45.81836042,45.84840623,42.14831212,41.75831038,43.3285192,43.07745329,41.31615674,41.44595822,41.48839318,38.21642336,41.37397796
        New Mexico (Items),52.07528868,59.73727762,55.24226597,60.53164047,51.64335923,45.82886745,49.72932917,53.28132468,47.16056519,51.75550338,47.63056528,46.68500757,44.51463598,40.8934666,39.16752698,37.47501225,38.81784387,39.55815673,43.57461954,41.62824062,39.53299736,36.51839465,37.44911504,37.86887349,34.94100906,38.86399801,41.43719183,38.84801311,39.72173038,36.13797241,39.05263158,42.66565226,43.06587803,43.00665323,39.42686935,36.24720069,38.32045654,41.21319018,43.95404814,40.97173769,41.02348993,47.92706872
        New York (Items),68.44708504,61.43623571,59.61562192,61.53370857,58.20176434,56.01283159,54.1421551,55.01287502,58.4007381,51.85844124,49.15917754,51.99606462,43.62944213,45.0373127,46.48965984,43.27367938,41.57961901,42.70765595,44.33729149,46.06051846,42.25627064,46.28759731,47.25223214,42.97700216,39.12013852,43.09035714,38.91511369,44.50103359,42.40512471,38.89071583,41.02958047,39.63570158,39.565041,37.61760155,36.69109695,38.05175439,37.21091618,34.65393729,34.1862853,32.8960341,34.59195402,38.17413138
        North Carolina (Items),57.47954772,54.91010075,42.28936896,42.90665409,42.31147076,46.74766831,49.49616547,45.47706592,54.36853576,43.65533794,45.89514761,40.99435206,38.8794659,45.58269466,42.25237436,43.9079096,45.03311728,50.34775226,55.19716312,57.42540373,55.92492789,55.12413124,58.03349687,50.04667378,46.74371652,52.07071422,51.41961214,54.51088659,48.10325611,40.80021582,46.36931949,44.33888255,41.61626584,37.18334323,39.06040757,38.30922199,38.5097899,36.31366813,36.13311293,36.26179966,30.89587426,36.11565746
        North Dakota (Items),24.54609929,27.98236515,34.63632053,33.07479601,35.30660931,36.42115535,30.60966656,26.62742176,33.27823485,26.27215888,23.84465688,22.55107619,19.72369292,19.13893225,20.20861833,22.83067867,26.92178276,24.93376588,25.1322691,29.20742885,28.1015299,28.97518286,29.72959319,30.67183099,30.94399554,31.59295898,31.88950124,29.92943438,32.80870066,32.96166717,36.19483871,34.87586424,36.51944107,38.77621522,36.46144468,36.97780214,31.41432507,35.38073511,37.60850236,34.61255827,31.39408867,42.69729043
        Ohio (Items),62.25151657,60.6962379,64.11524598,61.84284485,60.2639398,58.18375356,58.11803549,59.80490513,63.80354299,57.92235096,55.67943827,61.98940562,50.39810427,53.95184579,54.45159598,49.77794175,48.60825325,47.1720814,52.26748765,55.9973859,49.5512535,52.73968434,54.69481072,49.12556433,45.15508324,50.75294893,43.97716997,47.57368538,43.76981832,38.80577137,46.38485603,43.78209745,45.33445617,38.97548906,39.19800834,38.32567433,37.78975347,36.46694922,37.19864945,36.50246161,34.10893793,37.57330599
        Oklahoma (Items),44.8977918,46.55851064,40.68546196,38.12046784,44.4486166,45.61754386,45.31139835,42.6442904,49.70884658,46.73961499,41.82714811,38.56696878,36.61017544,30.83555704,36.92369748,38.0349559,34.82459547,37.82434381,48.57755864,42.49774867,43.97914494,45.92738666,43.89325658,45.61871571,41.59576869,46.22738675,47.65670162,40.92028254,40.86159924,41.99281745,43.76094537,52.15761155,48.73715145,42.91394953,41.1962983,38.24470354,37.31298281,37.90151689,38.52511087,36.76167765,35.72203947,42.44167878
        Oregon (Items),49.57290202,51.55454545,46.4488806,43.63204748,44.79552053,46.67206638,46.00663228,47.28100159,42.72825435,44.71356421,42.76684119,41.47873711,40.2951847,37.47967213,35.68829475,32.53419355,33.82151105,30.71675359,30.43229689,36.15825751,35.50917011,34.31925943,37.25066726,32.08699634,34.43461729,33.90259197,33.07202031,33.76986154,36.06674383,35.43176237,29.67085954,32.40029236,31.82720677,37.08918658,31.88448471,34.27020234,28.40391742,37.21283057,34.55588511,31.55475157,38.08927711,29.68302257
        Pennsylvania (Items),74.98968497,64.3262117,67.30501193,67.28960573,64.26512729,64.36442516,60.16294238,64.02330355,69.35113369,59.10749108,56.16073716,60.11920653,50.53783307,56.25903443,56.80460114,54.41761595,51.62719677,54.26784101,57.99333801,58.24028087,52.01856941,59.04450111,58.72544844,52.41742555,49.9996744,54.88201576,48.02264863,50.29100111,47.45979232,43.90705596,48.33012336,46.62791404,48.14295223,44.92879499,44.42662481,45.22334766,43.07075334,42.51701818,39.93323803,39.8420725,37.42799618,42.18848277
        Rhode Island (Items),71.7816092,63.37130802,60.07747489,57.65860597,64.80630631,65.17206478,61.11050725,61.00546448,65.77490775,57.34345351,52.12780656,55.26232394,48.92241379,47.88990826,51.06993007,46.96806723,45.86046512,47.26323988,45.21105528,49.20622568,47.10526316,55.80411125,53.93333333,50.28645161,46.96272494,50.08735332,46.19721871,48.7130102,44.80050188,37.67203682,40.81182796,43.54237288,42.87062257,40.66329347,36.95333943,42.03508772,38.62627197,36.01579926,37.18888889,36.08801498,35.02568807,40.65612105
        South Carolina (Items),52.853902,48.95042644,43.29509658,46.19309052,44.22925226,40.19786559,43.49756324,49.83558994,52.58219471,39.84378487,47.62803738,39.13392857,39.71369048,46.59308254,41.05678551,42.7812315,42.97615239,46.7490336,53.08222491,54.88946385,54.24083251,51.28787032,51.15115343,43.68108808,45.53797056,48.09748128,47.8996338,48.76241535,46.43602635,38.15300204,43.56472393,44.52802803,38.97483095,34.84257285,37.25210687,36.77051807,38.85055131,36.77195394,35.27719719,40.80011477,34.42383073,38.87024902
        South Dakota (Items),,,,,,28.74351585,24.31234257,26.3454039,33.96761905,29.59831933,30.73449921,29.34578147,29.88355167,24.22680412,31.48805461,29.81154499,30.49829932,32.08488964,25.39562044,35.0866242,32.96153846,32.59156977,27.24329268,34.83246073,34.82750583,39.56952965,38.6215342,35.95702962,35.33320328,35.14653465,37.26078367,36.26946108,42.02861842,40.30705532,35.82876033,35.93711249,33.03680801,34.16170839,34.80748821,33.89486119,34.939369,35.29405163
        Tennessee (Items),69.83752917,66.88396285,57.24132841,57.30029769,61.66212534,59.17940781,60.42572489,59.02163499,60.3056878,49.42632197,52.66467693,46.72370037,45.03790535,49.38400252,48.54144359,47.64567332,49.67731092,52.06871059,53.50474957,59.79190628,55.74583807,50.65306721,49.14342916,49.7339085,46.66549953,49.97379227,49.82412791,56.38788969,47.66766297,36.85433558,45.33994374,44.41420949,44.54907041,39.90902323,40.24598047,38.77226162,41.16764854,37.74733296,36.53186588,36.53515427,33.52651223,38.17147436
        Texas (Items),61.82092468,60.25258398,60.22880394,62.60537379,63.13059563,61.77563329,57.94651477,60.61283468,59.46819035,54.24691137,51.72488954,48.61797084,49.15486858,46.31067961,48.9928488,55.04591407,46.75445651,48.84176117,48.62649613,52.46060248,51.93248343,49.01149106,48.97010086,50.29535865,46.51523998,51.13728584,49.46474242,45.01562164,44.12527609,42.73359277,42.34218289,47.87567173,44.98852058,42.61591999,41.02031325,41.18307306,38.67533265,37.59046627,36.7941937,36.77882172,35.21523399,36.85365854
        Utah (Items),49.53930049,66.54442877,77.1884909,66.412,68.10012837,70.09153476,68.56164384,67.73836066,63.66439434,61.03,55.85131775,53.60460358,56.58610118,51.51305543,50.44915966,40.95989603,44.11655629,39.84259903,51.19396552,50.72005152,47.17214996,48.15379238,51.3332193,47.94028305,50.28457362,50.47523839,51.27700243,54.36743642,52.05957447,50.76891106,51.19234617,50.06705351,50.62645607,53.91064601,45.680008,45.80648536,47.04831979,51.23849905,51.91106,46.19442262,45.91833977,52.64010529
        Vermont (Items),33.92307692,31.99065421,37.59816972,35.90987124,36.5804829,35.34701493,33.50730282,36.72163121,40.33154602,38.76739563,37.20668693,39.28777671,35.39907407,37.41020966,41.56312625,33.70577617,33.29326047,34.68547641,34.98366955,39.57493188,34.92783505,40.00673725,39.96416084,37.66899302,35.031477,37.03923139,32.5869906,34.66898955,38.92056487,37.91735537,37.97074954,41.22627737,36.39471511,36.74607113,34.61932287,35.16652858,34.15920398,34.41419142,35.37706271,34.91909925,34.87541806,40.73944954
        Virginia (Items),52.87457338,47.92810353,45.39712697,49.58541156,43.4225682,45.81957774,45.79517081,52.8459873,52.32745314,47.09600444,47.01918776,49.09950249,43.11676428,50.23877456,45.58724678,44.9479971,42.23269514,45.87959232,49.47943596,51.08983911,45.6723127,48.09313414,49.90901388,44.52501668,42.51730277,45.20119544,44.09395443,46.90228553,41.65603329,36.00372261,42.70253369,39.17239583,38.24805154,34.72372238,34.67985099,35.36902025,34.28744519,33.54115139,31.62609457,33.08584813,31.49309124,34.71119273
        Washington (Items),58.43651086,57.93811881,54.82549157,53.08406935,49.70076923,50.86797253,51.02556885,52.5892054,50.12373096,47.24983621,48.22095238,47.44183368,42.95632334,37.88861232,37.03843856,35.51919232,34.73195266,33.76836735,32.39952058,33.46337482,35.85488448,35.53690616,37.40270698,37.23639706,35.23623524,33.50606348,34.6858351,32.427548,32.32328582,32.0069478,27.43601583,29.08042895,30.62313827,32.23477915,29.28281611,32.02363147,27.07197943,34.07934981,32.45586582,29.05912409,31.34094525,26.6375814
        West Virginia (Items),65.99145299,46.7211094,76.31954887,81.79417739,79.63692762,73.61863922,77.96696781,81.04323725,83.45914397,73.67850154,70.49083454,69.98961774,61.66074313,67.57824514,65.37986425,56.22481151,53.79663749,55.25886288,61.23128158,64.33827002,58.44355991,58.31551758,57.00336767,53.48582755,50.6988625,54.22396897,51.32643144,55.1400596,47.13806287,43.53964194,43.14621633,39.68411673,40.91474654,35.52968568,35.69418743,35.27668172,33.5849736,32.4170422,30.12301426,29.7026916,27.79313305,35.08867428
        Wisconsin (Items),53.85737199,56.51931865,55.98794831,57.41827204,56.90836312,53.98239978,49.9422089,50.2620883,58.38794436,47.8441524,43.59349486,45.09428493,37.60448658,34.30350494,38.22262823,42.0737371,39.68505119,40.28306484,43.63467012,47.02579743,42.8253402,46.31944265,46.6819001,46.2521327,40.20143407,47.84782894,41.87731006,45.95030196,41.58515815,39.44456695,41.85342671,41.89454447,45.36459983,40.04152249,39.79607991,38.42019584,36.87174049,36.86089751,39.45326519,36.08579566,36.65520932,40.9687566
        Wyoming (Items),,,,,20.6,34.74744027,26.84143763,38.17893218,35.65450644,28.1443299,36.5479798,38.13976705,36.30088933,34.50985222,39.32307692,38.06465028,32.99586207,33.31542759,33.89775967,37.92598684,36.05180591,37.94103774,38.62328549,36.08042489,32.34330445,32.60926194,36.47843473,38.03235152,37.65257314,34.81857946,36.44757081,37.98392794,41.10068259,41.96116336,40.17622117,40.55043375,40.52559784,42.9976934,43.25608324,41.08489348,39.11206201,38.86292074
,,,,,,,,,,,,,,,,,,,,,,,,,,,,,,,,,,,,,,,,,,
Sources:,,,,,,,,,,,,,,,,,,,,,,,,,,,,,,,,,,,,,,,,,,
,Agency,Source,Table,Url,Direct Link,Updated,Update Schedule,,,,,,,,,,,,,,,,,,,,,,,,,,,,,,,,,,,
,Environmental Protection Agency,Air Quality Index,,https://aqs.epa.gov/aqsweb/airdata/download_files.html,,11/13/19,Semi-Annual,,,,,,,,,,,,,,,,,,,,,,,,,,,,,,,,,,,
Exported on: 07/05/2022,,,,,,,,,,,,,,,,,,,,,,,,,,,,,,,,,,,,,,,,,,